latitude,   longitude,   speedx,     speedy
-15.097622,  -147.935470,  0.000000,  0.000000
-15.040383,  -147.901528,  1.048374,  1.767949
-14.980789,  -147.873638,  0.861451,  1.840727
-14.919071,  -147.852674,  0.647524,  1.906293
-14.857348,  -147.837940,  0.455090,  1.906476
-14.793411,  -147.829823,  0.250737,  1.974853
-14.725372,  -147.825581,  0.131002,  2.101553
-14.652719,  -147.826142,  -0.017318,  2.244054
-14.573922,  -147.830570,  -0.136759,  2.433839
-14.488534,  -147.841581,  -0.340109,  2.637426
-14.394189,  -147.861383,  -0.611619,  2.914076
-14.289372,  -147.887498,  -0.806627,  3.237541
-14.175771,  -147.924362,  -1.138652,  3.508828
-14.056276,  -147.967756,  -1.340333,  3.690901
-13.930131,  -148.021647,  -1.664541,  3.896318
-13.801725,  -148.083962,  -1.924770,  3.966120
-13.673588,  -148.159323,  -2.327690,  3.957818
-13.547938,  -148.241005,  -2.522960,  3.881023
-13.453820,  -148.259895,  -0.583463,  2.907064
-13.349230,  -148.285098,  -0.778461,  3.230508
-13.235859,  -148.321050,  -1.110470,  3.501770
-13.116593,  -148.363531,  -1.312126,  3.683811
-12.990678,  -148.416507,  -1.636304,  3.889189
-12.862505,  -148.477908,  -1.896498,  3.958947
-12.734602,  -148.552351,  -2.299378,  3.950596
-12.609187,  -148.633116,  -2.494604,  3.873744
-12.486722,  -148.719925,  -2.681308,  3.782648
-12.369698,  -148.813147,  -2.879389,  3.614573
-12.265424,  -148.860880,  -1.474363,  3.220758
-12.164042,  -148.914928,  -1.669421,  3.131437
-12.064460,  -148.975262,  -1.863561,  3.075816
-11.968785,  -149.044284,  -2.131915,  2.955180
-11.873711,  -149.119618,  -2.326878,  2.936589
-11.785080,  -149.201242,  -2.521131,  2.737579
-11.695357,  -149.289390,  -2.722689,  2.771306
-11.604046,  -149.381470,  -2.844122,  2.820365
-11.513460,  -149.479819,  -3.037735,  2.797991
-11.427117,  -149.575733,  -2.962532,  2.666896
-11.336405,  -149.671579,  -2.960446,  2.801881
-11.243349,  -149.765093,  -2.888418,  2.874245
-11.145808,  -149.854206,  -2.752487,  3.012811
-11.042091,  -149.947413,  -2.878913,  3.203547
-10.929377,  -150.046815,  -3.070272,  3.481437
-10.806964,  -150.150421,  -3.200130,  3.781033
-10.675328,  -150.264521,  -3.524260,  4.065924
-10.536983,  -150.384901,  -3.718222,  4.273114
-10.393781,  -150.513628,  -3.976060,  4.423149
-10.252620,  -150.646350,  -4.099448,  4.360112
-10.113952,  -150.781562,  -4.176369,  4.283091
-9.974959,  -150.918416,  -4.227056,  4.293125
-9.866435,  -151.041841,  -3.812291,  3.352060
-9.755825,  -151.154357,  -3.475339,  3.416461
-9.652861,  -151.283909,  -4.001510,  3.180272
-9.549973,  -151.406748,  -3.794216,  3.177972
-9.447156,  -151.527204,  -3.720551,  3.175749
-9.341698,  -151.649570,  -3.779588,  3.257313
-9.239027,  -151.773891,  -3.839956,  3.171274
-9.139179,  -151.897958,  -3.832130,  3.084036
-9.039331,  -152.017482,  -3.691778,  3.084058
-8.936881,  -152.138966,  -3.752323,  3.164409
-8.834507,  -152.260223,  -3.745348,  3.162091
-8.721337,  -152.381308,  -3.739984,  3.495518
-8.601361,  -152.491310,  -3.397699,  3.705763
-8.473598,  -152.588274,  -2.994971,  3.946279
-8.333973,  -152.676062,  -2.711535,  4.312645
-8.191770,  -152.757573,  -2.517687,  4.392310
-8.049632,  -152.838895,  -2.511830,  4.390282
-7.908536,  -152.923996,  -2.628531,  4.358086
-7.766041,  -153.013417,  -2.761988,  4.401294
-7.618092,  -153.104384,  -2.809747,  4.569781
-7.466693,  -153.197742,  -2.883611,  4.676337
-7.320414,  -153.291115,  -2.884049,  4.518179
-7.175483,  -153.388115,  -2.996087,  4.476548
-7.038131,  -153.485320,  -3.002399,  4.242458
-6.906868,  -153.577804,  -2.856605,  4.054378
-6.779471,  -153.663408,  -2.644097,  3.934963
-6.668043,  -153.723186,  -1.846392,  3.441746
-6.556669,  -153.782818,  -1.841857,  3.440064
-6.445124,  -153.844448,  -1.903622,  3.445342
-6.326203,  -153.907934,  -1.960914,  3.673162
-6.205121,  -153.973266,  -2.017930,  3.739900
-6.091948,  -154.051600,  -2.419553,  3.495644
-5.982043,  -154.142603,  -2.810845,  3.394675
-5.855144,  -154.226883,  -2.603184,  3.919603
-5.744216,  -154.285336,  -1.805460,  3.426289
-5.633344,  -154.343641,  -1.800917,  3.424536
-5.522304,  -154.403947,  -1.862673,  3.429743
-5.403891,  -154.466106,  -1.919958,  3.657490
-5.283319,  -154.530112,  -1.976961,  3.724150
-5.170658,  -154.607119,  -2.378570,  3.479813
-5.061269,  -154.696795,  -2.769854,  3.378757
-4.961005,  -154.795011,  -3.033641,  3.096895
-4.870939,  -154.899580,  -3.229861,  2.781910
-4.784062,  -155.010411,  -3.423301,  2.683416
-4.703405,  -155.127547,  -3.618029,  2.491275
-4.628801,  -155.246678,  -3.679674,  2.304349
-4.561249,  -155.371816,  -3.865189,  2.086493
-4.495107,  -155.503513,  -4.067784,  2.042980
-4.435363,  -155.634965,  -4.060199,  1.845316
-4.378882,  -155.766096,  -4.050330,  1.744581
-4.325781,  -155.897270,  -4.051627,  1.640138
-4.275192,  -156.025314,  -3.954936,  1.562582
-4.220487,  -156.149382,  -3.832158,  1.689676
-4.167044,  -156.266420,  -3.614998,  1.650713
-4.113152,  -156.381391,  -3.551159,  1.664603
-4.043535,  -156.489759,  -3.347235,  2.150289
-3.980431,  -156.601860,  -3.462508,  1.949137
-3.920325,  -156.713952,  -3.462217,  1.856516
-3.841567,  -156.812801,  -3.053218,  2.432633
-3.760116,  -156.909433,  -2.984708,  2.515821
-3.683398,  -157.003698,  -2.911609,  2.369615
-3.603986,  -157.095578,  -2.837932,  2.452819
-3.524956,  -157.189415,  -2.898399,  2.441053
-3.443832,  -157.285316,  -2.962133,  2.505726
-3.350383,  -157.378762,  -2.886321,  2.886376
-3.259329,  -157.469973,  -2.817255,  2.812435
-3.163643,  -157.563105,  -2.876611,  2.955497
-3.065635,  -157.658224,  -2.937990,  3.027231
-2.965269,  -157.753125,  -2.931256,  3.100051
-2.860089,  -157.847873,  -2.926520,  3.248721
-2.754778,  -157.946730,  -3.053460,  3.252798
-2.652022,  -158.047433,  -3.110434,  3.173890
-2.554485,  -158.150175,  -3.173436,  3.012644
-2.459722,  -158.257002,  -3.299638,  2.926992
-2.367967,  -158.370235,  -3.497484,  2.834078
-2.282208,  -158.487480,  -3.621374,  2.648880
-2.196857,  -158.608810,  -3.747590,  2.636298
-2.114382,  -158.727749,  -3.673722,  2.547440
-2.031450,  -158.840018,  -3.467691,  2.561552
-1.950731,  -158.945367,  -3.253986,  2.493204
-1.861604,  -159.042096,  -2.987722,  2.752897
-1.771896,  -159.125700,  -2.582286,  2.770860
-1.656905,  -159.194040,  -2.110865,  3.551792
-1.529592,  -159.253279,  -1.829725,  3.932359
-1.394593,  -159.316911,  -1.965441,  4.169775
-1.252975,  -159.380387,  -1.960626,  4.374232
-1.104136,  -159.449717,  -2.141413,  4.597240
-0.954258,  -159.521411,  -2.214444,  4.629353
-0.799920,  -159.597225,  -2.341722,  4.767105
-0.644871,  -159.674588,  -2.389536,  4.789075
-0.489788,  -159.758073,  -2.578631,  4.790118
-0.337570,  -159.848126,  -2.781512,  4.701640
-0.185761,  -159.944556,  -2.978473,  4.688998
-0.041233,  -160.045338,  -3.112924,  4.464100
0.098630,  -160.150200,  -3.238914,  4.320020
0.235361,  -160.254531,  -3.222501,  4.223274
0.366177,  -160.358505,  -3.211519,  4.040558
0.491632,  -160.464459,  -3.272636,  3.874986
0.612662,  -160.578823,  -3.532429,  3.738303
0.725192,  -160.697528,  -3.666472,  3.475766
0.831877,  -160.820171,  -3.788137,  3.295240
0.935475,  -160.944696,  -3.846280,  3.199897
1.032753,  -161.068978,  -3.838734,  3.004643
1.126807,  -161.190889,  -3.765514,  2.905093
1.214695,  -161.310518,  -3.695051,  2.714662
1.302607,  -161.425608,  -3.554833,  2.715362
1.396276,  -161.520940,  -2.944562,  2.893205
1.487308,  -161.611736,  -2.804450,  2.811753
1.580755,  -161.700206,  -2.732613,  2.886335
1.666513,  -161.790663,  -2.794003,  2.648854
1.754313,  -161.891831,  -3.124828,  2.711897
1.847426,  -162.012103,  -3.714896,  2.876028
1.940404,  -162.136462,  -3.841139,  2.871862
2.033244,  -162.267062,  -4.033893,  2.867580
2.125939,  -162.393103,  -3.893073,  2.863130
2.215329,  -162.518879,  -3.884928,  2.761036
2.301559,  -162.640242,  -3.748586,  2.663427
2.381462,  -162.761272,  -3.738305,  2.467985
2.454769,  -162.884334,  -3.801067,  2.264266
2.524792,  -163.007038,  -3.790015,  2.162846
2.594133,  -163.134028,  -3.922405,  2.141750
2.656506,  -163.262674,  -3.973543,  1.926566
2.715028,  -163.393329,  -4.035594,  1.807585
2.770476,  -163.521470,  -3.957955,  1.712645
2.825712,  -163.649828,  -3.964668,  1.706102
2.881724,  -163.773320,  -3.814331,  1.730074
2.940851,  -163.896772,  -3.813148,  1.826289
3.006317,  -164.020174,  -3.811547,  2.022073
3.071651,  -164.143368,  -3.805160,  2.017986
3.139285,  -164.249043,  -3.264051,  2.089047
3.232016,  -164.313392,  -1.987561,  2.864225
3.322499,  -164.368971,  -1.716701,  2.794809
3.416808,  -164.422182,  -1.643540,  2.912940
3.516549,  -164.471021,  -1.508527,  3.080768
3.608676,  -164.521842,  -1.569715,  2.845566
3.698792,  -164.579016,  -1.765984,  2.783432
3.788812,  -164.646839,  -2.094873,  2.780499
3.878728,  -164.723139,  -2.356693,  2.777288
3.968533,  -164.788479,  -2.018193,  2.773852
4.052351,  -164.840777,  -1.615351,  2.588902
4.122649,  -164.880013,  -1.211895,  2.171337
4.183857,  -164.912451,  -1.001945,  1.890571
4.241724,  -164.949423,  -1.141963,  1.787370
4.300790,  -164.988283,  -1.200307,  1.824389
4.359223,  -165.028906,  -1.254715,  1.804838
4.412041,  -165.074207,  -1.399259,  1.631404
4.462062,  -165.121192,  -1.451223,  1.545043
4.512017,  -165.168077,  -1.448178,  1.542968
4.561904,  -165.214865,  -1.445139,  1.540893
4.614453,  -165.259772,  -1.387089,  1.623103
4.671663,  -165.302488,  -1.319373,  1.767070
4.730800,  -165.345020,  -1.313703,  1.826589
4.795240,  -165.389286,  -1.367279,  1.990400
4.863882,  -165.431266,  -1.296636,  2.120182
5.012112,  -165.497480,  -2.045201,  4.578434
5.161094,  -165.554411,  -1.758451,  4.601670
5.312508,  -165.611028,  -1.748754,  4.676819
5.461455,  -165.663066,  -1.607328,  4.600592
5.612776,  -165.714783,  -1.597411,  4.673900
5.762589,  -165.773639,  -1.817903,  4.627357
5.913928,  -165.835566,  -1.912776,  4.674461
6.062010,  -165.902169,  -2.057198,  4.573893
6.206232,  -165.972582,  -2.174860,  4.454639
6.342426,  -166.043339,  -2.185505,  4.206704
6.472499,  -166.111616,  -2.108905,  4.017620
6.593744,  -166.175297,  -1.966961,  3.744935
6.710633,  -166.240964,  -2.028277,  3.610404
6.822686,  -166.306569,  -2.026385,  3.461044
6.927279,  -166.369508,  -1.944022,  3.230615
7.022775,  -166.432358,  -1.941270,  2.949623
7.109256,  -166.495146,  -1.939357,  2.671174
7.195625,  -166.557785,  -1.934759,  2.667735
7.281883,  -166.618117,  -1.863504,  2.664292
7.370141,  -166.673968,  -1.725100,  2.726057
7.460249,  -166.725308,  -1.585748,  2.783218
7.550177,  -166.774352,  -1.514839,  2.777643
7.639851,  -166.818945,  -1.377389,  2.769796
7.731243,  -166.861385,  -1.310851,  2.822862
7.729667,  -166.966867,  -3.258063,  -0.048683
7.727998,  -167.072228,  -3.254358,  -0.051529
7.723670,  -167.175160,  -3.179310,  -0.133703
7.719253,  -167.277979,  -3.175795,  -0.136419
7.715161,  -167.387225,  -3.374339,  -0.126379
7.711368,  -167.495582,  -3.346859,  -0.117162
7.704853,  -167.601477,  -3.270846,  -0.201225
7.702642,  -167.706139,  -3.232742,  -0.068297
7.702496,  -167.806454,  -3.098486,  -0.004512
7.705789,  -167.899734,  -2.881176,  0.101720
7.711644,  -167.987714,  -2.717486,  0.180832
7.725696,  -168.072186,  -2.609112,  0.434021
7.740849,  -168.154008,  -2.527285,  0.468050
7.754657,  -168.231777,  -2.402065,  0.426495
7.764105,  -168.311653,  -2.467173,  0.291821
7.767446,  -168.390426,  -2.433101,  0.103180
7.768726,  -168.472696,  -2.541119,  0.039559
7.767632,  -168.559028,  -2.666574,  -0.033807
7.767032,  -168.650733,  -2.832547,  -0.018516
7.768264,  -168.745524,  -2.927847,  0.038052
7.765170,  -168.841409,  -2.961638,  -0.095573
7.766236,  -168.935994,  -2.921500,  0.032924
7.767610,  -169.029707,  -2.894551,  0.042445
7.769783,  -169.121587,  -2.837932,  0.067117
7.774300,  -169.215540,  -2.901985,  0.139528
7.773073,  -169.300119,  -2.612419,  -0.037897
7.769823,  -169.376007,  -2.343983,  -0.100383
7.769956,  -169.446081,  -2.164424,  0.004079
7.770026,  -169.516081,  -2.162117,  0.002183
7.771064,  -169.589869,  -2.279107,  0.032048
7.775058,  -169.664047,  -2.291170,  0.123361
7.782503,  -169.737598,  -2.271806,  0.229974
7.789879,  -169.811065,  -2.269211,  0.227823
7.797918,  -169.889209,  -2.413680,  0.248294
7.799852,  -169.966258,  -2.379835,  0.059741
7.801446,  -170.037863,  -2.211702,  0.049239
7.799977,  -170.108877,  -2.193454,  -0.045385
7.804787,  -170.186133,  -2.386235,  0.148571
7.807399,  -170.261167,  -2.317608,  0.080678
7.808730,  -170.332459,  -2.202022,  0.041129
7.797689,  -170.407013,  -2.302806,  -0.341036
7.783300,  -170.486569,  -2.457278,  -0.444456
7.768610,  -170.572300,  -2.647990,  -0.453725
7.755250,  -170.661846,  -2.765853,  -0.412668
7.735281,  -170.755657,  -2.897605,  -0.616766
7.717229,  -170.852630,  -2.995246,  -0.557602
7.700738,  -170.953488,  -3.115228,  -0.509358
7.684971,  -171.059917,  -3.287321,  -0.486993
7.701557,  -171.169446,  -3.383071,  0.512304
7.714554,  -171.269653,  -3.095169,  0.401433
7.717242,  -171.361425,  -2.834585,  0.083038
7.715048,  -171.448718,  -2.696265,  -0.067767
7.713693,  -171.534211,  -2.640653,  -0.041875
7.712274,  -171.613239,  -2.440986,  -0.043833
7.712252,  -171.689547,  -2.356967,  -0.000656
7.714339,  -171.767942,  -2.421425,  0.064450
7.721234,  -171.849712,  -2.525661,  0.212971
7.736399,  -171.934487,  -2.618486,  0.468404
7.756105,  -172.023595,  -2.752311,  0.608670
7.770831,  -172.116704,  -2.875898,  0.454848
7.785466,  -172.209709,  -2.872694,  0.452032
7.797503,  -172.308815,  -3.061123,  0.371803
7.806859,  -172.414218,  -3.255627,  0.288977
7.807792,  -172.521838,  -3.324107,  0.028820
7.816242,  -172.620188,  -3.037802,  0.261000
7.822873,  -172.714391,  -2.909676,  0.204822
7.822063,  -172.816767,  -3.162143,  -0.025031
7.821498,  -172.926550,  -3.390932,  -0.017439
7.824791,  -173.027357,  -3.113652,  0.101696
7.828663,  -173.134945,  -3.323124,  0.119600
7.823110,  -173.246306,  -3.439651,  -0.171507
7.809345,  -173.357927,  -3.447687,  -0.425177
7.773404,  -173.439170,  -2.509406,  -1.110120
7.728285,  -173.515581,  -2.360153,  -1.393615
7.677581,  -173.593176,  -2.396705,  -1.566110
7.629353,  -173.673162,  -2.470576,  -1.489646
7.753934,  -173.717175,  -1.359431,  3.847996
7.708687,  -173.804249,  -2.689487,  -1.397577
7.663092,  -173.897573,  -2.882542,  -1.408293
7.789179,  -173.952456,  -1.695213,  3.894508
7.747663,  -174.052142,  -3.079055,  -1.282331
7.707828,  -174.149297,  -3.000855,  -1.230404
7.669000,  -174.251314,  -3.151039,  -1.199287
7.630841,  -174.352196,  -3.116008,  -1.178644
7.745996,  -174.404229,  -1.607151,  3.556846
7.689932,  -174.497700,  -2.887081,  -1.731677
7.629137,  -174.590898,  -2.878672,  -1.877795
7.720861,  -174.638251,  -1.462600,  2.833115
7.657010,  -174.734769,  -2.981192,  -1.972186
7.735890,  -174.779828,  -1.391767,  2.436379
7.682221,  -174.888369,  -3.352562,  -1.657688
7.626381,  -174.993140,  -3.236101,  -1.724749
7.702921,  -175.042292,  -1.518168,  2.364112
7.650832,  -175.141736,  -3.071596,  -1.608874
7.729376,  -175.190754,  -1.514031,  2.425996
7.673338,  -175.288758,  -3.027105,  -1.730848
7.673960,  -175.389299,  -3.105438,  0.019194
7.667566,  -175.474370,  -2.627636,  -0.197478
7.726413,  -175.538127,  -1.969284,  1.817636
7.705851,  -175.627992,  -2.775717,  -0.635101
7.681203,  -175.711717,  -2.586042,  -0.761315
7.659625,  -175.796609,  -2.622099,  -0.666498
7.732116,  -175.879482,  -2.559741,  2.239072
7.717061,  -175.979513,  -3.089710,  -0.465031
7.697015,  -176.081220,  -3.141467,  -0.619171
7.673970,  -176.188142,  -3.302535,  -0.711781
7.655146,  -176.287251,  -3.061223,  -0.581435
7.740426,  -176.359023,  -2.216864,  2.634065
7.718434,  -176.437020,  -2.409115,  -0.679249
7.690722,  -176.517682,  -2.491467,  -0.855979
7.660913,  -176.601341,  -2.584014,  -0.920725
7.742680,  -176.653324,  -1.605617,  2.525576
7.721759,  -176.734978,  -2.522073,  -0.646190
7.704905,  -176.809990,  -2.316946,  -0.520568
7.700450,  -176.887906,  -2.406606,  -0.137597
7.702544,  -176.959467,  -2.210346,  0.064680
7.707157,  -177.032252,  -2.248157,  0.142468
7.713409,  -177.101481,  -2.138305,  0.193110
7.716814,  -177.163900,  -1.927949,  0.105174
7.710229,  -177.211744,  -1.477778,  -0.203396
7.669574,  -177.316743,  -3.243163,  -1.255724
7.626452,  -177.418538,  -3.144186,  -1.331926
7.711729,  -177.465542,  -1.451842,  2.633977
7.665796,  -177.571116,  -3.260918,  -1.418757
7.758390,  -177.609369,  -1.181532,  2.859986
7.704941,  -177.718633,  -3.374874,  -1.650900
7.643281,  -177.832366,  -3.512927,  -1.904501
7.744874,  -177.874935,  -1.314858,  3.137951
7.690494,  -177.992136,  -3.620043,  -1.679685
7.637902,  -178.099552,  -3.317804,  -1.624411
7.733432,  -178.133153,  -1.037856,  2.950681
7.683558,  -178.243176,  -3.398328,  -1.540493
7.628848,  -178.346374,  -3.187519,  -1.689860
7.724498,  -178.371165,  -0.765743,  2.954382
7.648666,  -178.468833,  -3.016701,  -2.342236
7.741689,  -178.480586,  -0.363028,  2.873225
7.668848,  -178.593844,  -3.498254,  -2.249877
7.598388,  -178.718077,  -3.837233,  -2.176318
7.690850,  -178.703863,  0.439015,  2.855926
7.628896,  -178.838623,  -4.162369,  -1.913613
7.738305,  -178.854631,  -0.494451,  3.379372
7.684254,  -178.984645,  -4.015816,  -1.669514
7.633688,  -179.108927,  -3.838741,  -1.561853
7.726207,  -179.120186,  -0.347784,  2.857678
7.661367,  -179.222067,  -3.146838,  -2.002728
7.767874,  -179.280301,  -1.798694,  3.289738
7.712446,  -179.389108,  -3.360774,  -1.712046
7.657955,  -179.503524,  -3.534014,  -1.683084
7.776701,  -179.553036,  -1.529300,  3.667769
7.720336,  -179.669779,  -3.605894,  -1.740974
7.664400,  -179.793263,  -3.814100,  -1.727715
7.793949,  -179.844548,  -1.584066,  4.001437
7.754684,  -179.971937,  -3.934722,  -1.212808
7.719965,  -180.099310,  -3.934236,  -1.072380
7.694113,  -180.226809,  -3.938133,  -0.798501
7.665248,  -180.360247,  -4.121543,  -0.891558
7.783616,  -180.417646,  -1.772909,  3.656075
7.749836,  -180.542182,  -3.846624,  -1.043367
7.714763,  -180.660585,  -3.657170,  -1.083331
7.679011,  -180.772133,  -3.445432,  -1.104269
7.645176,  -180.887967,  -3.577815,  -1.045086
7.735392,  -180.964713,  -2.370495,  2.786523
7.707199,  -181.077638,  -3.487965,  -0.870792
7.688628,  -181.187930,  -3.406613,  -0.573624
7.671689,  -181.294663,  -3.296713,  -0.523210
7.650964,  -181.400684,  -3.274732,  -0.640137
7.718788,  -181.483419,  -2.555482,  2.094935
7.690535,  -181.587563,  -3.216742,  -0.872663
7.672431,  -181.695750,  -3.341627,  -0.559214
7.657906,  -181.804658,  -3.363874,  -0.448629
7.714909,  -181.856853,  -1.612175,  1.760671
7.685451,  -181.955005,  -3.031656,  -0.909885
7.639338,  -182.052146,  -3.000437,  -1.424295
7.712315,  -182.102144,  -1.544337,  2.254070
7.654258,  -182.196303,  -2.908322,  -1.793231
7.724662,  -182.256958,  -1.873492,  2.174604
7.671009,  -182.357760,  -3.113505,  -1.657205
7.620252,  -182.461068,  -3.190932,  -1.567760
7.700283,  -182.521608,  -1.869913,  2.471938
7.646598,  -182.628894,  -3.313797,  -1.658176
7.719123,  -182.691431,  -1.931601,  2.240116
7.661673,  -182.796882,  -3.257133,  -1.774485
7.729009,  -182.861361,  -1.991574,  2.079845
7.656354,  -182.960195,  -3.052747,  -2.244135
7.728616,  -183.031128,  -2.190925,  2.231998
7.637486,  -183.119948,  -2.743442,  -2.814803
7.712278,  -183.190762,  -2.187258,  2.310158
7.614151,  -183.274734,  -2.593669,  -3.030904
7.694014,  -183.343335,  -2.118924,  2.466768
7.592270,  -183.436571,  -2.879823,  -3.142630
7.669269,  -183.500662,  -1.979617,  2.378321
7.595468,  -183.606539,  -3.270245,  -2.279533
7.677707,  -183.674985,  -2.114124,  2.540167
7.624403,  -183.743298,  -2.110041,  -1.646429
7.713850,  -183.807239,  -1.974951,  2.762798
7.656843,  -183.874372,  -2.073575,  -1.760820
7.750287,  -183.931736,  -1.771822,  2.886256
7.683213,  -183.999390,  -2.089659,  -2.071760
7.619669,  -184.079386,  -2.470879,  -1.962712
7.716634,  -184.143252,  -1.972665,  2.995012
7.683047,  -184.243937,  -3.109905,  -1.037408
7.677425,  -184.363186,  -3.683304,  -0.173651
7.694758,  -184.515297,  -4.698313,  0.535368
7.729730,  -184.690763,  -5.419716,  1.080199
7.772934,  -184.872772,  -5.621795,  1.334469
7.809373,  -185.035123,  -5.014582,  1.125504
7.826099,  -185.169385,  -4.147020,  0.516615
7.813672,  -185.273765,  -3.224043,  -0.383848
7.767672,  -185.371159,  -3.008240,  -1.420807
7.714822,  -185.479023,  -3.331658,  -1.632410
7.684366,  -185.603756,  -3.852670,  -0.940697
7.667936,  -185.736358,  -4.095752,  -0.507495
7.703635,  -185.792580,  -1.736558,  1.102643
7.686551,  -185.937611,  -4.479644,  -0.527676
7.675492,  -186.078169,  -4.341461,  -0.341577
7.665299,  -186.216009,  -4.257549,  -0.314839
7.679649,  -186.252645,  -1.131578,  0.443235
7.625648,  -186.307774,  -1.702814,  -1.667934
7.647263,  -186.328733,  -0.647349,  0.667610
7.673152,  -186.349691,  -0.647337,  0.799639
7.579313,  -186.399738,  -1.545847,  -2.898443
7.621219,  -186.414488,  -0.455567,  1.294394
7.676653,  -186.433623,  -0.591048,  1.712213
7.570323,  -186.527152,  -2.888872,  -3.284283
7.649994,  -186.559119,  -0.987366,  2.460854
7.735637,  -186.590968,  -0.983742,  2.645271
7.627048,  -186.736296,  -4.488808,  -3.354039
7.705765,  -186.759491,  -0.716456,  2.431375
7.622957,  -186.930104,  -5.269804,  -2.557711
7.685190,  -186.948808,  -0.577718,  1.922217
7.604498,  -187.136559,  -5.799150,  -2.492386
7.647371,  -187.159290,  -0.702098,  1.324256
7.686957,  -187.186713,  -0.847016,  1.222685
7.661996,  -187.393238,  -6.379050,  -0.770984
7.693403,  -187.433034,  -1.229176,  0.970086
7.707362,  -187.632608,  -6.164332,  0.431165
7.737264,  -187.825777,  -5.966510,  0.923594
7.782420,  -188.010143,  -5.694607,  1.394771
7.832261,  -188.192153,  -5.621806,  1.539455
7.882530,  -188.365407,  -5.351392,  1.552679
7.833369,  -188.443003,  -2.396751,  -1.518471
7.777307,  -188.518101,  -2.319580,  -1.731609
7.708164,  -188.603753,  -2.645574,  -2.135648
7.637119,  -188.691753,  -2.718098,  -2.194397
7.711727,  -188.733220,  -1.280797,  2.304466
7.634836,  -188.834769,  -3.136609,  -2.374981
7.710249,  -188.893398,  -1.810906,  2.329306
7.640919,  -188.991496,  -3.029984,  -2.141421
7.708749,  -189.065119,  -2.274039,  2.095087
7.644019,  -189.163391,  -3.035352,  -1.999341
7.700101,  -189.245573,  -2.538408,  1.732240
7.640849,  -189.349512,  -3.210406,  -1.830134
7.702770,  -189.427366,  -2.404706,  1.912558
7.642422,  -189.532632,  -3.251392,  -1.863982
7.698848,  -189.605994,  -2.265980,  1.742859
7.643024,  -189.726657,  -3.726982,  -1.724263
7.701738,  -189.806330,  -2.460877,  1.813536
7.647448,  -189.950386,  -4.449550,  -1.676903
7.711660,  -190.034232,  -2.589763,  1.983352
7.669837,  -190.194158,  -4.939714,  -1.291801
7.634113,  -190.363679,  -5.236071,  -1.103417
7.703888,  -190.445147,  -2.516358,  2.155174
7.686673,  -190.618793,  -5.363471,  -0.531737
7.685005,  -190.788891,  -5.253902,  -0.051536
7.644701,  -190.888975,  -3.091345,  -1.244880
7.719912,  -190.970164,  -2.507724,  2.323093
7.699150,  -191.063743,  -2.890417,  -0.641285
7.694009,  -191.155525,  -2.834917,  -0.158789
7.689861,  -191.244660,  -2.753155,  -0.128128
7.682826,  -191.340755,  -2.968118,  -0.217311
7.673952,  -191.441206,  -3.102676,  -0.274093
7.666336,  -191.547929,  -3.296389,  -0.235237
7.732367,  -191.635239,  -2.696794,  2.039551
7.745156,  -191.748055,  -3.484620,  0.395001
7.766216,  -191.856439,  -3.347682,  0.650493
7.798068,  -191.963002,  -3.291470,  0.983823
7.832818,  -192.052484,  -2.763859,  1.073331
7.866442,  -192.130948,  -2.423561,  1.038569
7.896069,  -192.200353,  -2.143765,  0.915095
7.924602,  -192.274120,  -2.278453,  0.881340
7.950585,  -192.358554,  -2.607973,  0.802535
7.977716,  -192.451822,  -2.880812,  0.838018
7.999502,  -192.553586,  -3.143210,  0.672903
8.016676,  -192.659523,  -3.272148,  0.530448
8.030139,  -192.765573,  -3.275615,  0.415852
8.038925,  -192.862835,  -3.004156,  0.271368
8.046178,  -192.953697,  -2.806507,  0.224025
8.050464,  -193.033468,  -2.463924,  0.132396
8.024905,  -193.124206,  -2.802660,  -0.789440
8.005910,  -193.217175,  -2.871569,  -0.586712
7.991579,  -193.316695,  -3.073917,  -0.442658
7.979967,  -193.418725,  -3.151449,  -0.358677
7.974627,  -193.524066,  -3.253739,  -0.164929
7.977495,  -193.626959,  -3.178080,  0.088582
7.980025,  -193.730619,  -3.201817,  0.078158
7.989699,  -193.834402,  -3.205586,  0.298795
8.010552,  -193.935467,  -3.121649,  0.644104
8.037777,  -194.038504,  -3.182538,  0.840914
8.072064,  -194.139447,  -3.117875,  1.059043
8.106930,  -194.236055,  -2.983978,  1.076905
8.145569,  -194.328371,  -2.851400,  1.193476
8.190478,  -194.420529,  -2.846521,  1.387106
8.235759,  -194.508105,  -2.705017,  1.398635
8.281372,  -194.591532,  -2.576840,  1.408853
8.324702,  -194.668123,  -2.365715,  1.338373
8.363081,  -194.738519,  -2.174332,  1.185418
8.398930,  -194.806695,  -2.105799,  1.107276
8.435526,  -194.870140,  -1.959649,  1.130378
8.476191,  -194.942490,  -2.234707,  1.256010
8.516771,  -195.014780,  -2.232845,  1.253427
8.560140,  -195.086734,  -2.222499,  1.339572
8.606709,  -195.154223,  -2.084547,  1.438379
8.595914,  -195.210881,  -1.750026,  -0.333422
8.587151,  -195.269752,  -1.818381,  -0.270664
8.579569,  -195.339882,  -2.166127,  -0.234178
8.573091,  -195.407421,  -2.086106,  -0.200114
8.568116,  -195.478898,  -2.207749,  -0.153665
8.565405,  -195.552702,  -2.279632,  -0.083720
8.568185,  -195.629062,  -2.358551,  0.085861
8.581802,  -195.701065,  -2.223985,  0.420589
8.598516,  -195.772610,  -2.209861,  0.516267
8.624505,  -195.842292,  -2.152307,  0.802728
8.649715,  -195.903099,  -1.878167,  0.778669
8.672158,  -195.963609,  -1.868985,  0.693218
8.694375,  -196.024702,  -1.887016,  0.686219
8.714528,  -196.082958,  -1.799380,  0.622488
8.731130,  -196.143516,  -1.870474,  0.512775
8.746289,  -196.208577,  -2.009567,  0.468236
8.755790,  -196.281789,  -2.261350,  0.293437
8.762900,  -196.362148,  -2.482067,  0.219628
8.765471,  -196.445973,  -2.589151,  0.079400
8.763808,  -196.531943,  -2.655404,  -0.051367
8.757742,  -196.620167,  -2.725023,  -0.187346
8.747259,  -196.710348,  -2.785439,  -0.323802
8.739162,  -196.803541,  -2.878513,  -0.250097
8.730358,  -196.889250,  -2.647323,  -0.271917
8.707174,  -196.953530,  -1.985433,  -0.716095
8.684121,  -197.011433,  -1.788496,  -0.712058
8.667738,  -197.069331,  -1.788314,  -0.506029
8.659050,  -197.124606,  -1.707309,  -0.268346
8.658218,  -197.182744,  -1.795720,  -0.025702
8.662667,  -197.242539,  -1.846926,  0.137416
8.671449,  -197.306653,  -1.980336,  0.271244
8.685928,  -197.371240,  -1.994915,  0.447214
8.699722,  -197.437854,  -2.057527,  0.426070
8.711224,  -197.502140,  -1.985644,  0.355259
8.721064,  -197.562439,  -1.862474,  0.303940
8.725218,  -197.622031,  -1.840650,  0.128324
8.723256,  -197.681700,  -1.843040,  -0.060604
8.721259,  -197.741346,  -1.842290,  -0.061697
8.719226,  -197.800967,  -1.841542,  -0.062787
8.716315,  -197.862550,  -1.902163,  -0.089923
8.715602,  -197.926203,  -1.966067,  -0.022027
8.717756,  -197.990278,  -1.979112,  0.066541
8.722107,  -198.056544,  -2.046788,  0.134403
8.729803,  -198.131021,  -2.300422,  0.237687
8.741818,  -198.211990,  -2.500922,  0.371142
8.756918,  -198.293118,  -2.505819,  0.466377
8.776186,  -198.369946,  -2.373034,  0.595150
8.798974,  -198.444483,  -2.302273,  0.703863
8.825912,  -198.528035,  -2.580702,  0.832053
8.859335,  -198.609405,  -2.513321,  1.032353
8.893016,  -198.688590,  -2.445799,  1.040302
8.920625,  -198.767321,  -2.431821,  0.852773
8.942455,  -198.844129,  -2.372395,  0.674283
8.960695,  -198.922709,  -2.427146,  0.563373
8.978243,  -199.003759,  -2.503431,  0.542025
8.993703,  -199.080453,  -2.368863,  0.477530
9.007158,  -199.152983,  -2.240259,  0.415580
9.010533,  -199.218589,  -2.026416,  0.104246
9.005390,  -199.281988,  -1.958229,  -0.158855
8.996847,  -199.345783,  -1.970484,  -0.263860
8.980873,  -199.411346,  -2.025062,  -0.493398
8.955904,  -199.474411,  -1.947931,  -0.771246
8.923966,  -199.537190,  -1.939087,  -0.986460
8.890464,  -199.602554,  -2.018906,  -1.034806
8.853951,  -199.672906,  -2.173010,  -1.127793
8.815539,  -199.746398,  -2.269964,  -1.186451
8.782983,  -199.823020,  -2.366675,  -1.005567
8.754612,  -199.906020,  -2.563669,  -0.876317
8.732669,  -199.991191,  -2.630710,  -0.677771
8.711059,  -200.075559,  -2.605900,  -0.667468
8.692911,  -200.160312,  -2.617804,  -0.560533
8.676310,  -200.241493,  -2.507475,  -0.512786
8.652886,  -200.307581,  -2.041299,  -0.723488
8.629951,  -200.372704,  -2.011492,  -0.708406
8.609227,  -200.433623,  -1.881622,  -0.640111
8.593802,  -200.497239,  -1.964931,  -0.476446
8.582970,  -200.565135,  -2.097141,  -0.334561
8.568177,  -200.634303,  -2.136413,  -0.456943
8.557638,  -200.701371,  -2.071588,  -0.325521
8.550159,  -200.768823,  -2.083400,  -0.230996
8.541488,  -200.831512,  -1.936305,  -0.267832
8.535596,  -200.887872,  -1.740818,  -0.181968
8.526309,  -200.944813,  -1.758775,  -0.286860
8.506902,  -200.996595,  -1.599398,  -0.599428
8.476729,  -201.049546,  -1.635528,  -0.931968
8.438069,  -201.099208,  -1.533948,  -1.194111
8.394832,  -201.150113,  -1.572301,  -1.335487
8.351110,  -201.207033,  -1.758138,  -1.350450
8.309299,  -201.272531,  -2.023067,  -1.291435
8.272315,  -201.342572,  -2.163379,  -1.142359
8.240901,  -201.422953,  -2.482756,  -0.970303
8.219339,  -201.506073,  -2.567371,  -0.665980
8.204183,  -201.591094,  -2.626083,  -0.468126
8.190088,  -201.673508,  -2.545569,  -0.435384
8.170887,  -201.751280,  -2.402178,  -0.593044
8.155306,  -201.828798,  -2.394330,  -0.481278
8.148553,  -201.919414,  -2.798886,  -0.208575
8.143156,  -202.006145,  -2.678912,  -0.166700
8.134322,  -202.083685,  -2.395026,  -0.272854
8.116939,  -202.157030,  -2.265424,  -0.536915
8.093470,  -202.228362,  -2.203257,  -0.724917
8.071743,  -202.296218,  -2.095923,  -0.671072
8.049476,  -202.358438,  -1.921805,  -0.687774
8.030359,  -202.421079,  -1.934812,  -0.590474
8.012497,  -202.481207,  -1.857204,  -0.551723
7.998580,  -202.539923,  -1.813588,  -0.429859
7.986723,  -202.594357,  -1.681332,  -0.366231
7.978251,  -202.641794,  -1.465202,  -0.261667
7.968637,  -202.685522,  -1.350670,  -0.296970
7.959495,  -202.728279,  -1.320635,  -0.282352
7.949848,  -202.771986,  -1.350004,  -0.297996
7.936534,  -202.816946,  -1.388692,  -0.411235
7.919558,  -202.868757,  -1.600318,  -0.524342
7.897269,  -202.924313,  -1.715982,  -0.688447
7.874389,  -202.987160,  -1.941186,  -0.706702
7.852419,  -203.054859,  -2.091040,  -0.678588
7.830038,  -203.123314,  -2.114412,  -0.691292
7.814424,  -203.191945,  -2.119839,  -0.482300
7.802715,  -203.259268,  -2.079432,  -0.361652
7.790188,  -203.328347,  -2.133683,  -0.386925
7.785857,  -203.401515,  -2.259976,  -0.133779
7.784582,  -203.466599,  -2.010265,  -0.039385
7.785050,  -203.527024,  -1.866400,  0.014453
7.792830,  -203.583442,  -1.742597,  0.240320
7.798676,  -203.637103,  -1.657437,  0.180558
7.810625,  -203.689202,  -1.609222,  0.369073
7.810343,  -203.736488,  -1.460529,  -0.008716
7.802149,  -203.788277,  -1.599651,  -0.253075
7.790225,  -203.841392,  -1.640591,  -0.368310
7.783175,  -203.890612,  -1.520278,  -0.217736
7.777076,  -203.931673,  -1.268273,  -0.188389
7.771312,  -203.966388,  -1.072235,  -0.178030
7.765534,  -204.001093,  -1.071947,  -0.178479
7.757585,  -204.040019,  -1.202341,  -0.245513
7.745948,  -204.080430,  -1.248188,  -0.359458
7.725765,  -204.125232,  -1.383830,  -0.623406
7.695523,  -204.170450,  -1.396655,  -0.934094
7.661592,  -204.216073,  -1.409180,  -1.048029
7.702628,  -204.222309,  -0.192606,  1.267479
7.652398,  -204.260511,  -1.179980,  -1.551478
7.710544,  -204.279674,  -0.591890,  1.796004
7.648035,  -204.322653,  -1.327506,  -1.930738
7.685987,  -204.346075,  -0.723453,  1.172225
7.620285,  -204.392572,  -1.436191,  -2.029362
7.680985,  -204.450534,  -1.790281,  1.874864
7.646012,  -204.508347,  -1.785708,  -1.080235
7.704025,  -204.551167,  -1.322588,  1.791876
7.674902,  -204.617181,  -2.039001,  -0.899520
7.650701,  -204.694512,  -2.388576,  -0.747501
7.713201,  -204.735024,  -1.251312,  1.930452
7.694388,  -204.816042,  -2.502433,  -0.581078
7.682490,  -204.897410,  -2.513253,  -0.367496
7.675590,  -204.974707,  -2.387508,  -0.213140
7.671127,  -205.045533,  -2.187620,  -0.137831
7.659641,  -205.109704,  -1.982094,  -0.354798
7.725903,  -205.141427,  -0.979829,  2.046675
7.704151,  -205.199377,  -1.789941,  -0.671851
7.677911,  -205.259310,  -1.851170,  -0.810495
7.644610,  -205.325414,  -2.041792,  -1.028593
7.720042,  -205.361300,  -1.108423,  2.329900
7.681246,  -205.430175,  -2.127395,  -1.198302
7.632345,  -205.509059,  -2.436503,  -1.510438
7.724275,  -205.555935,  -1.447894,  2.839498
7.652734,  -205.655628,  -3.079270,  -2.209706
7.754795,  -205.694015,  -1.185675,  3.152400
7.677113,  -205.795255,  -3.127035,  -2.399421
7.597115,  -205.892721,  -3.010482,  -2.470935
7.707076,  -205.919569,  -0.829277,  3.396416
7.635712,  -206.018610,  -3.059112,  -2.204236
7.738924,  -206.060759,  -1.301871,  3.187938
7.661672,  -206.160997,  -3.096115,  -2.386091
7.770579,  -206.211792,  -1.568926,  3.363834
7.698034,  -206.312130,  -3.099175,  -2.240724
7.629104,  -206.414342,  -3.157073,  -2.129078
7.741222,  -206.474196,  -1.848725,  3.463052
7.684967,  -206.578354,  -3.217177,  -1.737586
7.639865,  -206.678331,  -3.088042,  -1.393066
7.763933,  -206.737620,  -1.831297,  3.832136
7.727231,  -206.829058,  -2.824295,  -1.133638
7.698241,  -206.920895,  -2.836591,  -0.895410
7.622445,  -206.992577,  -2.214091,  -2.341151
